Timestamp,Title,Description,Price,Category,Condition,Platforms,Images
2025-11-20 12:19:24,Wildlife Quilt Masterpiece - Handcrafted Comfort for Nature Lovers,"Here is the conversion-optimized commercial listing for the wildlife motif quilt:

TITLE: Wildlife Quilt Masterpiece - Handcrafted Comfort for Nature Lovers
SHORT_TAGLINE: Wrap yourself in the beauty of the wild

ğŸŒŸ Handcrafted with precision and care for a unique piece
ğŸŒ¿ Exquisite wildlife designs showcasing various animals
ğŸ’¤ Soft and comfortable, perfect for snuggling
ğŸ Ideal gift for nature lovers and quilt enthusiasts
ğŸ  Durable construction for long-lasting use
ğŸŒ¸ Intricate stitching and detailed patterns
ğŸ”¥ Perfect for adding a touch of warmth and personality to your living space
ğŸ’• A truly unique piece that is sure to be cherished for years to come

This stunning quilt is a masterpiece of textile art, featuring a diverse array of wildlife scenes that bring the beauty of nature into your home. Crafted with meticulous attention to detail, this quilt is not only a visual delight but also a testament to the skill of its creator. The combination of vibrant colors and intricate patterns creates a truly unique piece that is sure to be cherished for years to come.

Whether you're looking to add a touch of warmth and personality to your living space or seeking a thoughtful gift for someone special, this wildlife quilt is an excellent choice. Its durability ensures that it will remain a beloved possession for generations to come, while its comfort guarantees a cozy companion on chilly evenings.

The quilt's handmade nature and unique design make it a one-of-a-kind piece that is sure to spark conversations. Imagine snuggling up with this beautiful quilt on a cold winter night, surrounded by the beauty of nature.

[MATERIALS & CONSTRUCTION]
- Materials: To be confirmed
- Dimensions: To be confirmed
- Pattern Style: Patchwork with animal prints and geometric shapes
- Technique / Craft Notes: Intricate stitching and detailed patterns

[CARE & MAINTENANCE]
Machine wash cold, gentle cycle. Dry flat or tumble dry low. Do not bleach or iron.

[IDEAL USE CASES]
Bedding, decorative throw, gift for nature lovers, home decor

[SEO KEYWORDS]
wildlife quilt, handmade quilt, nature-inspired home decor, unique gift ideas, craftsmanship, comforting textiles

[CONDITION]
This quilt is in like-new condition, with no visible signs of wear or damage.

[PRICING GUIDANCE]
Likely retail range: $200-$500 USD. The quilt's handmade nature, unique design, and high-quality craftsmanship justify a premium price point, appealing to those who value artisanal goods and are willing to invest in a piece that combines functionality with aesthetic appeal.",,,new,"eBay, Etsy, Amazon, Facebook Marketplace, Craigslist, Mercari",C:/Users/John/Desktop/cottonthimble/cotton_thimble_images_deduplicated/quilts/quilts_0001.jpg | C:/Users/John/Desktop/cottonthimble/cotton_thimble_images_deduplicated/quilts/quilts_0121.jpg | C:/Users/John/Desktop/cottonthimble/cotton_thimble_images_deduplicated/quilts/quilts_0210.jpg
