Timestamp,Title,Description,Price,Condition,Platforms,Images
2025-11-21 12:38:42,Hand-Quilted Wolf Portrait Quilt - Wildlife Art for the Home,"TITLE: Hand-Quilted Wolf Portrait Quilt - Wildlife Art for the Home
SHORT_TAGLINE: Wrap yourself in the wild beauty of nature

[FEATURE BULLETS]
üåô Detailed wolf portrait on a quilted background, evoking a sense of wilderness and freedom
üßµ Multi-colored border with wolf-themed fabric, adding a touch of rustic charm
üåø Intricate quilting pattern around the wolf image, showcasing exceptional craftsmanship
üí§ Perfect for wildlife enthusiasts, quilt collectors, and nature lovers
üè† Adds a cozy and unique touch to any room, from bedroom to living room
üéÅ Makes a thoughtful gift for friends and family who appreciate handmade art
üå∏ Combines comfort, durability, and style, ensuring years of enjoyment
üë©‚Äçüé§ Hand-quilted with love and attention to detail, making each stitch a labor of love

[DETAILED DESCRIPTION]
Imagine wrapping yourself in the majesty of the wild, with the howling wolf as your companion. This hand-quilted wolf portrait quilt brings the beauty of nature indoors, with its intricate stitching and vibrant colors. The quilt's centerpiece, a striking wolf portrait, seems to leap off the fabric, surrounded by a multi-colored border that incorporates various wolf-themed fabrics. As you run your hands over the quilt's surface, you can feel the texture of the cotton and polyester blend, soft and inviting to the touch.

As you snuggle under this quilt, you'll feel the comfort and warmth it provides, perfect for chilly fall and winter nights. The quilt's durability ensures it will remain a treasured possession for years to come, a testament to the craftsmanship that went into its creation. Whether you hang it on a wall as a work of art or use it as a bedspread, this quilt will add a unique touch to any room, sparking conversations and inspiring a sense of wonder.

For those who appreciate the beauty of handmade art, this quilt makes a thoughtful gift, one that will be cherished for its emotional value and the story it tells. As a piece of wildlife art, it connects us to the natural world, reminding us of the importance of preserving our planet's precious resources. With its timeless design and exceptional craftsmanship, this quilt will remain a treasured possession for generations to come.

[MATERIALS & CONSTRUCTION]
- Materials: Cotton and polyester blend, chosen for their softness, durability, and natural feel
- Dimensions: To be confirmed
- Pattern Style: Wolf-themed quilt with intricate stitching and patterned borders, featuring a striking wolf portrait at its center
- Technique / Craft Notes: Hand-quilted with detailed stitching, emphasizing the artisan's skill and attention to detail

[CARE & MAINTENANCE]
To preserve the beauty and longevity of this quilt, we recommend gentle care: machine wash cold, tumble dry low, and avoid ironing or bleaching.

[IDEAL USE CASES]
Bedding, wall hanging, decorative throw, gift for wildlife enthusiasts, quilt collectors, and nature lovers.

[SEO KEYWORDS]
wolf quilt, wildlife art, quilted portrait, animal-themed bedding, handmade quilt, rustic home decor, nature-inspired decor, comfort, warmth, storytelling.

[CONDITION]
This quilt is in new condition, carefully crafted to provide years of enjoyment.

[PRICING GUIDANCE]
Likely retail range: $200-500 USD. This price range reflects the quilt's exceptional craftsmanship, unique design, and the emotional value it provides, making it a worthwhile investment for those who appreciate handmade art and wildlife-themed decor.

=== SIMPLE FIELD PACK ===
TITLE: Hand-Quilted Wolf Portrait Quilt - Wildlife Art for the Home
TAGLINE: Wrap yourself in the wild beauty of nature
BULLETS: Detailed wolf portrait on a quilted background|Multi-colored border with wolf-themed fabric|Intricate quilting pattern around the wolf image|Perfect for wildlife enthusiasts, quilt collectors, and nature lovers|Adds a cozy and unique touch to any room|Makes a thoughtful gift for friends and family who appreciate handmade art|Combines comfort, durability, and style|Hand-quilted with love and attention to detail
MATERIALS: Cotton and polyester blend
DIMENSIONS: To be confirmed
CONDITION: New
PRICE_RANGE_USD: $200-500
SEO_KEYWORDS: wolf quilt, wildlife art, quilted portrait, animal-themed bedding, handmade",650.00,new,"eBay, Facebook Marketplace",C:/Users/John/Desktop/cottonthimble/cotton_thimble_images/quiltd/quiltd_0001.jpg | C:/Users/John/Desktop/cottonthimble/cotton_thimble_images/quiltd/quiltd_0327.jpg | C:/Users/John/Desktop/cottonthimble/cotton_thimble_images/quiltd/quiltd_0502.jpg
